<?xml version="1.0" ?>
<MotionPrimitiveFile>
<VehicleType>BMW_320i</VehicleType>
<Trajectories>
   <Trajectory>
      <Duration unit="second">0.5</Duration>
      <Initial>
         <x>0.0</x>
         <y>0.0</y>
         <steering_angle>0.0</steering_angle>
         <velocity>9.0</velocity>
         <orientation>0.0</orientation>
         <time_step>0</time_step>
      </Initial>
      <Final>
         <x>4.500000000000001</x>
         <y>0.0</y>
         <steering_angle>0.0</steering_angle>
         <velocity>9.0</velocity>
         <orientation>0.0</orientation>
         <time_step>5</time_step>
      </Final>
      <Path>
         <State>
            <x>0.9</x>
            <y>0.0</y>
            <steering_angle>0.0</steering_angle>
            <velocity>9.0</velocity>
            <orientation>0.0</orientation>
            <time_step>1</time_step>
         </State>
         <State>
            <x>1.8</x>
            <y>0.0</y>
            <steering_angle>0.0</steering_angle>
            <velocity>9.0</velocity>
            <orientation>0.0</orientation>
            <time_step>2</time_step>
         </State>
         <State>
            <x>2.7</x>
            <y>0.0</y>
            <steering_angle>0.0</steering_angle>
            <velocity>9.0</velocity>
            <orientation>0.0</orientation>
            <time_step>3</time_step>
         </State>
         <State>
            <x>3.6000000000000005</x>
            <y>0.0</y>
            <steering_angle>0.0</steering_angle>
            <velocity>9.0</velocity>
            <orientation>0.0</orientation>
            <time_step>4</time_step>
         </State>
      </Path>
   </Trajectory>
   <Trajectory>
      <Duration unit="second">0.5</Duration>
      <Initial>
         <x>0.0</x>
         <y>0.0</y>
         <steering_angle>0.0</steering_angle>
         <velocity>9.0</velocity>
         <orientation>0.0</orientation>
         <time_step>0</time_step>
      </Initial>
      <Final>
         <x>4.492021537681117</x>
         <y>0.18879466981758952</y>
         <steering_angle>0.20000000000000007</steering_angle>
         <velocity>9.0</velocity>
         <orientation>0.15799427282480627</orientation>
         <time_step>5</time_step>
      </Final>
      <Path>
         <State>
            <x>0.9</x>
            <y>0.0</y>
            <steering_angle>0.04000000000000001</steering_angle>
            <velocity>9.0</velocity>
            <orientation>0.0034903080833253042</orientation>
            <time_step>1</time_step>
         </State>
         <State>
            <x>1.7999725769973898</x>
            <y>0.006283722539047391</y>
            <steering_angle>0.08000000000000002</steering_angle>
            <velocity>9.0</velocity>
            <orientation>0.02095582800011557</orientation>
            <time_step>2</time_step>
         </State>
         <State>
            <x>2.6995990402601255</x>
            <y>0.03143522948917826</y>
            <steering_angle>0.12000000000000002</steering_angle>
            <velocity>9.0</velocity>
            <orientation>0.05245266634109609</orientation>
            <time_step>3</time_step>
         </State>
         <State>
            <x>3.5977654220443847</x>
            <y>0.08807010983468867</y>
            <steering_angle>0.16000000000000003</steering_angle>
            <velocity>9.0</velocity>
            <orientation>0.09808257460882382</orientation>
            <time_step>4</time_step>
         </State>
      </Path>
   </Trajectory>
   <Trajectory>
      <Duration unit="second">0.5</Duration>
      <Initial>
         <x>0.0</x>
         <y>0.0</y>
         <steering_angle>0.2</steering_angle>
         <velocity>9.0</velocity>
         <orientation>0.0</orientation>
         <time_step>0</time_step>
      </Initial>
      <Final>
         <x>4.461075073702509</x>
         <y>0.5208906887818632</y>
         <steering_angle>-6.938893903907228e-17</steering_angle>
         <velocity>9.0</velocity>
         <orientation>0.19336557967120382</orientation>
         <time_step>5</time_step>
      </Final>
      <Path>
         <State>
            <x>0.8997185252453082</x>
            <y>0.015913769232495687</y>
            <steering_angle>0.15999999999999998</steering_angle>
            <velocity>9.0</velocity>
            <orientation>0.06712355844175574</orientation>
            <time_step>1</time_step>
         </State>
         <State>
            <x>1.79666395561859</x>
            <y>0.08890919559562202</y>
            <steering_angle>0.11999999999999995</steering_angle>
            <velocity>9.0</velocity>
            <orientation>0.11987276736430105</orientation>
            <time_step>2</time_step>
         </State>
         <State>
            <x>2.6889743789961664</x>
            <y>0.20592401248181186</y>
            <steering_angle>0.07999999999999995</steering_angle>
            <velocity>9.0</velocity>
            <orientation>0.15842052445928315</orientation>
            <time_step>3</time_step>
         </State>
         <State>
            <x>3.576667738182123</x>
            <y>0.35411602225843264</y>
            <steering_angle>0.03999999999999994</steering_angle>
            <velocity>9.0</velocity>
            <orientation>0.18289186131205162</orientation>
            <time_step>4</time_step>
         </State>
      </Path>
   </Trajectory>
   <Trajectory>
      <Duration unit="second">0.5</Duration>
      <Initial>
         <x>0.0</x>
         <y>0.0</y>
         <steering_angle>0.2</steering_angle>
         <velocity>9.0</velocity>
         <orientation>0.0</orientation>
         <time_step>0</time_step>
      </Initial>
      <Final>
         <x>4.420220155878575</x>
         <y>0.7095729120163471</y>
         <steering_angle>0.2</steering_angle>
         <velocity>9.0</velocity>
         <orientation>0.3537130684639768</orientation>
         <time_step>5</time_step>
      </Final>
      <Path>
         <State>
            <x>0.8997185252453082</x>
            <y>0.015913769232495687</y>
            <steering_angle>0.2</steering_angle>
            <velocity>9.0</velocity>
            <orientation>0.07074261369279537</orientation>
            <time_step>1</time_step>
         </State>
         <State>
            <x>1.7960618178660854</x>
            <y>0.09538309976019682</y>
            <steering_angle>0.2</steering_angle>
            <velocity>9.0</velocity>
            <orientation>0.14148522738559074</orientation>
            <time_step>2</time_step>
         </State>
         <State>
            <x>2.684545982710745</x>
            <y>0.2380104517690762</y>
            <steering_angle>0.2</steering_angle>
            <velocity>9.0</velocity>
            <orientation>0.21222784107838613</orientation>
            <time_step>3</time_step>
         </State>
         <State>
            <x>3.5607264393692972</x>
            <y>0.44308234182324363</y>
            <steering_angle>0.2</steering_angle>
            <velocity>9.0</velocity>
            <orientation>0.2829704547711815</orientation>
            <time_step>4</time_step>
         </State>
      </Path>
   </Trajectory>
   <Trajectory>
      <Duration unit="second">0.5</Duration>
      <Initial>
         <x>0.0</x>
         <y>0.0</y>
         <steering_angle>0.0</steering_angle>
         <velocity>9.0</velocity>
         <orientation>0.0</orientation>
         <time_step>0</time_step>
      </Initial>
      <Final>
         <x>4.492021537681117</x>
         <y>-0.18879466981758952</y>
         <steering_angle>-0.20000000000000007</steering_angle>
         <velocity>9.0</velocity>
         <orientation>-0.15799427282480627</orientation>
         <time_step>5</time_step>
      </Final>
      <Path>
         <State>
            <x>0.9</x>
            <y>-0.0</y>
            <steering_angle>-0.04000000000000001</steering_angle>
            <velocity>9.0</velocity>
            <orientation>-0.0034903080833253042</orientation>
            <time_step>1</time_step>
         </State>
         <State>
            <x>1.7999725769973898</x>
            <y>-0.006283722539047391</y>
            <steering_angle>-0.08000000000000002</steering_angle>
            <velocity>9.0</velocity>
            <orientation>-0.02095582800011557</orientation>
            <time_step>2</time_step>
         </State>
         <State>
            <x>2.6995990402601255</x>
            <y>-0.03143522948917826</y>
            <steering_angle>-0.12000000000000002</steering_angle>
            <velocity>9.0</velocity>
            <orientation>-0.05245266634109609</orientation>
            <time_step>3</time_step>
         </State>
         <State>
            <x>3.5977654220443847</x>
            <y>-0.08807010983468867</y>
            <steering_angle>-0.16000000000000003</steering_angle>
            <velocity>9.0</velocity>
            <orientation>-0.09808257460882382</orientation>
            <time_step>4</time_step>
         </State>
      </Path>
   </Trajectory>
   <Trajectory>
      <Duration unit="second">0.5</Duration>
      <Initial>
         <x>0.0</x>
         <y>0.0</y>
         <steering_angle>-0.2</steering_angle>
         <velocity>9.0</velocity>
         <orientation>0.0</orientation>
         <time_step>0</time_step>
      </Initial>
      <Final>
         <x>4.461075073702509</x>
         <y>-0.5208906887818632</y>
         <steering_angle>6.938893903907228e-17</steering_angle>
         <velocity>9.0</velocity>
         <orientation>-0.19336557967120382</orientation>
         <time_step>5</time_step>
      </Final>
      <Path>
         <State>
            <x>0.8997185252453082</x>
            <y>-0.015913769232495687</y>
            <steering_angle>-0.15999999999999998</steering_angle>
            <velocity>9.0</velocity>
            <orientation>-0.06712355844175574</orientation>
            <time_step>1</time_step>
         </State>
         <State>
            <x>1.79666395561859</x>
            <y>-0.08890919559562202</y>
            <steering_angle>-0.11999999999999995</steering_angle>
            <velocity>9.0</velocity>
            <orientation>-0.11987276736430105</orientation>
            <time_step>2</time_step>
         </State>
         <State>
            <x>2.6889743789961664</x>
            <y>-0.20592401248181186</y>
            <steering_angle>-0.07999999999999995</steering_angle>
            <velocity>9.0</velocity>
            <orientation>-0.15842052445928315</orientation>
            <time_step>3</time_step>
         </State>
         <State>
            <x>3.576667738182123</x>
            <y>-0.35411602225843264</y>
            <steering_angle>-0.03999999999999994</steering_angle>
            <velocity>9.0</velocity>
            <orientation>-0.18289186131205162</orientation>
            <time_step>4</time_step>
         </State>
      </Path>
   </Trajectory>
   <Trajectory>
      <Duration unit="second">0.5</Duration>
      <Initial>
         <x>0.0</x>
         <y>0.0</y>
         <steering_angle>-0.2</steering_angle>
         <velocity>9.0</velocity>
         <orientation>0.0</orientation>
         <time_step>0</time_step>
      </Initial>
      <Final>
         <x>4.420220155878575</x>
         <y>-0.7095729120163471</y>
         <steering_angle>-0.2</steering_angle>
         <velocity>9.0</velocity>
         <orientation>-0.3537130684639768</orientation>
         <time_step>5</time_step>
      </Final>
      <Path>
         <State>
            <x>0.8997185252453082</x>
            <y>-0.015913769232495687</y>
            <steering_angle>-0.2</steering_angle>
            <velocity>9.0</velocity>
            <orientation>-0.07074261369279537</orientation>
            <time_step>1</time_step>
         </State>
         <State>
            <x>1.7960618178660854</x>
            <y>-0.09538309976019682</y>
            <steering_angle>-0.2</steering_angle>
            <velocity>9.0</velocity>
            <orientation>-0.14148522738559074</orientation>
            <time_step>2</time_step>
         </State>
         <State>
            <x>2.684545982710745</x>
            <y>-0.2380104517690762</y>
            <steering_angle>-0.2</steering_angle>
            <velocity>9.0</velocity>
            <orientation>-0.21222784107838613</orientation>
            <time_step>3</time_step>
         </State>
         <State>
            <x>3.5607264393692972</x>
            <y>-0.44308234182324363</y>
            <steering_angle>-0.2</steering_angle>
            <velocity>9.0</velocity>
            <orientation>-0.2829704547711815</orientation>
            <time_step>4</time_step>
         </State>
      </Path>
   </Trajectory>
</Trajectories>
</MotionPrimitiveFile>